pair_idx,pair_dir,selected_variant,interpose_RE_deg,interpose_TE_deg,pair_only_RE_deg,pair_only_TE_deg,delta_RE_deg_inter_minus_pair,delta_TE_deg_inter_minus_pair
0,/home/caesar/camera_pose/Interpose/out_interpose_batch_300/pair_00000_5f0041e53d59,v3_B2A_p2_s2,3.6786662357007778,2.374176201458829,nan,nan,nan,nan
1,/home/caesar/camera_pose/Interpose/out_interpose_batch_300/pair_00001_d3812aad5382,v2_B2A_p1_s1,88.372543324994,69.17066514322491,nan,nan,nan,nan
2,/home/caesar/camera_pose/Interpose/out_interpose_batch_300/pair_00002_d8de66037bd0,v1_A2B_p2_s2,10.614017001861876,16.245330722361338,nan,nan,nan,nan
3,/home/caesar/camera_pose/Interpose/out_interpose_batch_300/pair_00003_387eeb925ba4,v2_B2A_p1_s1,2.1128238669211927,1.1095193394349077,nan,nan,nan,nan
4,/home/caesar/camera_pose/Interpose/out_interpose_batch_300/pair_00004_493816813d2d,v1_A2B_p2_s2,7.259732946277781,3.8947224570941974,nan,nan,nan,nan
5,/home/caesar/camera_pose/Interpose/out_interpose_batch_300/pair_00005_66fd66cbed40,v3_B2A_p2_s2,1.7279988360663792,2.02811297127158,nan,nan,nan,nan
6,/home/caesar/camera_pose/Interpose/out_interpose_batch_300/pair_00006_4ff8650b5c11,v3_B2A_p2_s2,4.419746965160202,1.340547277444164,nan,nan,nan,nan
7,/home/caesar/camera_pose/Interpose/out_interpose_batch_300/pair_00007_5c8dafad7d78,v2_B2A_p1_s1,0.8223979744018071,1.5065976039887206,nan,nan,nan,nan
8,/home/caesar/camera_pose/Interpose/out_interpose_batch_300/pair_00008_a62c330f5403,v1_A2B_p2_s2,6.999053630386073,7.461625340304166,nan,nan,nan,nan
9,/home/caesar/camera_pose/Interpose/out_interpose_batch_300/pair_00009_ba55c875d20c,v3_B2A_p2_s2,2.188066885233431,7.023691781330363,nan,nan,nan,nan
10,/home/caesar/camera_pose/Interpose/out_interpose_batch_300/pair_00010_d9f4c746e6fa,v3_B2A_p2_s2,2.318471560056889,0.6533497650321965,nan,nan,nan,nan
11,/home/caesar/camera_pose/Interpose/out_interpose_batch_300/pair_00011_5a69d1027b47,v3_B2A_p2_s2,1.8667079477845894,1.2217270161108873,nan,nan,nan,nan
12,/home/caesar/camera_pose/Interpose/out_interpose_batch_300/pair_00012_2beaca318994,v0_A2B_p1_s1,1.4478881097156329,3.154384956531654,nan,nan,nan,nan
13,/home/caesar/camera_pose/Interpose/out_interpose_batch_300/pair_00013_c37109a55eff,v1_A2B_p2_s2,8.01896780174257,9.886625784638348,nan,nan,nan,nan
14,/home/caesar/camera_pose/Interpose/out_interpose_batch_300/pair_00014_2cbfe28643b6,v1_A2B_p2_s2,1.521792167311382,1.9717824928548762,nan,nan,nan,nan
15,/home/caesar/camera_pose/Interpose/out_interpose_batch_300/pair_00015_9e9a89ae6fed,v3_B2A_p2_s2,1.7764171367331445,3.0638713109130666,nan,nan,nan,nan
16,/home/caesar/camera_pose/Interpose/out_interpose_batch_300/pair_00016_32c2b92fac40,v2_B2A_p1_s1,0.4632026782131401,2.192278186918486,nan,nan,nan,nan
17,/home/caesar/camera_pose/Interpose/out_interpose_batch_300/pair_00017_50c46cf8b8b2,v0_A2B_p1_s1,4.756018770363929,3.3221878621867886,nan,nan,nan,nan
18,/home/caesar/camera_pose/Interpose/out_interpose_batch_300/pair_00018_7a9f97660be8,v2_B2A_p1_s1,0.727822435837214,0.504774771702843,nan,nan,nan,nan
19,/home/caesar/camera_pose/Interpose/out_interpose_batch_300/pair_00019_1da888bdedfc,v0_A2B_p1_s1,3.3706675264463692,5.410961823301112,nan,nan,nan,nan
20,/home/caesar/camera_pose/Interpose/out_interpose_batch_300/pair_00020_ec305787b700,v3_B2A_p2_s2,4.754033012983581,2.898861958946761,nan,nan,nan,nan
21,/home/caesar/camera_pose/Interpose/out_interpose_batch_300/pair_00021_0a1b7c20a92c,v2_B2A_p1_s1,1.4740934590816825,0.9743862792195525,nan,nan,nan,nan
22,/home/caesar/camera_pose/Interpose/out_interpose_batch_300/pair_00022_d4fbeba0168a,v1_A2B_p2_s2,11.027210230658742,5.790697155343268,nan,nan,nan,nan
23,/home/caesar/camera_pose/Interpose/out_interpose_batch_300/pair_00023_946f49be7392,v1_A2B_p2_s2,4.1884190342411864,7.160952711733893,nan,nan,nan,nan
24,/home/caesar/camera_pose/Interpose/out_interpose_batch_300/pair_00024_b92b499c9bf9,v3_B2A_p2_s2,3.3145056868042615,1.682723069754638,nan,nan,nan,nan
25,/home/caesar/camera_pose/Interpose/out_interpose_batch_300/pair_00025_9c8c0e0fadd9,v3_B2A_p2_s2,8.00595502559195,5.731896781178332,nan,nan,nan,nan
26,/home/caesar/camera_pose/Interpose/out_interpose_batch_300/pair_00026_0bfdd020cf47,v1_A2B_p2_s2,4.389863247897733,1.166546114196991,nan,nan,nan,nan
27,/home/caesar/camera_pose/Interpose/out_interpose_batch_300/pair_00027_5c3af5810280,v0_A2B_p1_s1,0.6842880387214287,0.9843555139114369,nan,nan,nan,nan
28,/home/caesar/camera_pose/Interpose/out_interpose_batch_300/pair_00028_75fbbe467353,v1_A2B_p2_s2,2.3033847146404107,1.2328323248359012,nan,nan,nan,nan
29,/home/caesar/camera_pose/Interpose/out_interpose_batch_300/pair_00029_2f3e1c0f688c,v1_A2B_p2_s2,5.3396211624417935,1.4020136784803143,nan,nan,nan,nan
30,/home/caesar/camera_pose/Interpose/out_interpose_batch_300/pair_00030_70eac6ff18a1,v0_A2B_p1_s1,4.357963216335554,3.4989134217940006,nan,nan,nan,nan
31,/home/caesar/camera_pose/Interpose/out_interpose_batch_300/pair_00031_fb2c0499c225,v1_A2B_p2_s2,8.680064060508903,7.470982769613977,nan,nan,nan,nan
32,/home/caesar/camera_pose/Interpose/out_interpose_batch_300/pair_00032_5c8dafad7d78,v0_A2B_p1_s1,0.4897589618351633,2.4729690732257743,nan,nan,nan,nan
33,/home/caesar/camera_pose/Interpose/out_interpose_batch_300/pair_00033_fb2c0499c225,v3_B2A_p2_s2,10.948306005266076,4.886175622070244,nan,nan,nan,nan
34,/home/caesar/camera_pose/Interpose/out_interpose_batch_300/pair_00034_8cb2e97d26a6,v0_A2B_p1_s1,1.7500752396276502,1.3661487725017107,nan,nan,nan,nan
35,/home/caesar/camera_pose/Interpose/out_interpose_batch_300/pair_00035_56452d9cd9e2,v0_A2B_p1_s1,5.98628862433713,4.438791899948793,nan,nan,nan,nan
36,/home/caesar/camera_pose/Interpose/out_interpose_batch_300/pair_00036_341b4ff3dfd3,v0_A2B_p1_s1,4.458098023914532,138.4428397144593,nan,nan,nan,nan
37,/home/caesar/camera_pose/Interpose/out_interpose_batch_300/pair_00037_6d81c5ab0d48,v0_A2B_p1_s1,8.687532459645801,1.3420041711244504,nan,nan,nan,nan
38,/home/caesar/camera_pose/Interpose/out_interpose_batch_300/pair_00038_800cf88687a7,v2_B2A_p1_s1,1.095729927788874,0.4909437100973686,nan,nan,nan,nan
39,/home/caesar/camera_pose/Interpose/out_interpose_batch_300/pair_00039_9641a1ed7963,v3_B2A_p2_s2,2.883196352658055,3.006880501889348,nan,nan,nan,nan
40,/home/caesar/camera_pose/Interpose/out_interpose_batch_300/pair_00040_ef59aac43713,v1_A2B_p2_s2,2.048725737513565,2.5848181969921398,nan,nan,nan,nan
41,/home/caesar/camera_pose/Interpose/out_interpose_batch_300/pair_00041_ec1e44d4dc0f,v3_B2A_p2_s2,6.166973346790529,0.7574583726232843,nan,nan,nan,nan
42,/home/caesar/camera_pose/Interpose/out_interpose_batch_300/pair_00042_b3bf9079b442,v1_A2B_p2_s2,8.267876622296688,6.489730481601596,nan,nan,nan,nan
43,/home/caesar/camera_pose/Interpose/out_interpose_batch_300/pair_00043_3bb3bb4d3e87,v1_A2B_p2_s2,3.418792459468516,3.519508363653942,nan,nan,nan,nan
44,/home/caesar/camera_pose/Interpose/out_interpose_batch_300/pair_00044_7da3db99059a,v0_A2B_p1_s1,5.804024455434574,2.384902014836851,nan,nan,nan,nan
45,/home/caesar/camera_pose/Interpose/out_interpose_batch_300/pair_00045_374ffd0c5ff8,v3_B2A_p2_s2,1.079326897041774,1.400588449515092,nan,nan,nan,nan
46,/home/caesar/camera_pose/Interpose/out_interpose_batch_300/pair_00046_7a9f97660be8,v3_B2A_p2_s2,1.6069040353693222,0.3362484894359035,nan,nan,nan,nan
47,/home/caesar/camera_pose/Interpose/out_interpose_batch_300/pair_00047_387eeb925ba4,v3_B2A_p2_s2,8.837194287019601,5.842602514059076,nan,nan,nan,nan
48,/home/caesar/camera_pose/Interpose/out_interpose_batch_300/pair_00048_b5faa2a8ce98,v0_A2B_p1_s1,1.0569991811404993,5.272566361857309,nan,nan,nan,nan
49,/home/caesar/camera_pose/Interpose/out_interpose_batch_300/pair_00049_6d221625614d,v2_B2A_p1_s1,0.8210836494627243,2.7778262897860277,nan,nan,nan,nan
50,/home/caesar/camera_pose/Interpose/out_interpose_batch_300/pair_00050_7705a2edd022,v3_B2A_p2_s2,12.223958588527466,1.436788128875986,nan,nan,nan,nan
51,/home/caesar/camera_pose/Interpose/out_interpose_batch_300/pair_00051_d1b3a0b37acc,v3_B2A_p2_s2,8.456226813157855,19.057433142150682,nan,nan,nan,nan
52,/home/caesar/camera_pose/Interpose/out_interpose_batch_300/pair_00052_0bfdd020cf47,v3_B2A_p2_s2,7.7287808578084425,4.504037798665536,nan,nan,nan,nan
53,/home/caesar/camera_pose/Interpose/out_interpose_batch_300/pair_00053_165f5af8bfe3,v2_B2A_p1_s1,2.542490060890571,1.8974958242893272,nan,nan,nan,nan
54,/home/caesar/camera_pose/Interpose/out_interpose_batch_300/pair_00054_c37109a55eff,v3_B2A_p2_s2,5.211195526348709,4.555237266794402,nan,nan,nan,nan
55,/home/caesar/camera_pose/Interpose/out_interpose_batch_300/pair_00055_a401469cb0fa,v0_A2B_p1_s1,1.7314404301489679,4.30805814399789,nan,nan,nan,nan
56,/home/caesar/camera_pose/Interpose/out_interpose_batch_300/pair_00056_c455899acfc8,v2_B2A_p1_s1,5.061911972149929,3.5492644863817064,nan,nan,nan,nan
57,/home/caesar/camera_pose/Interpose/out_interpose_batch_300/pair_00057_073f5a9b983c,v2_B2A_p1_s1,8.991605593468252,4.738629997754679,nan,nan,nan,nan
58,/home/caesar/camera_pose/Interpose/out_interpose_batch_300/pair_00058_fb3b73f1d3fe,v2_B2A_p1_s1,70.069623167871,30.13096321051122,nan,nan,nan,nan
59,/home/caesar/camera_pose/Interpose/out_interpose_batch_300/pair_00059_565553aa894b,v3_B2A_p2_s2,14.855818016262056,5.69935190433321,nan,nan,nan,nan
60,/home/caesar/camera_pose/Interpose/out_interpose_batch_300/pair_00060_a726c1112ad0,v2_B2A_p1_s1,1.3013673036563533,1.5561979104763217,nan,nan,nan,nan
61,/home/caesar/camera_pose/Interpose/out_interpose_batch_300/pair_00061_7da3db99059a,v1_A2B_p2_s2,6.698073400424045,4.032385199531384,nan,nan,nan,nan
62,/home/caesar/camera_pose/Interpose/out_interpose_batch_300/pair_00062_f004c810d94b,v2_B2A_p1_s1,0.43144411586916925,0.5092146875515844,nan,nan,nan,nan
63,/home/caesar/camera_pose/Interpose/out_interpose_batch_300/pair_00063_800cf88687a7,v1_A2B_p2_s2,3.2039376454643835,2.947657626784662,nan,nan,nan,nan
64,/home/caesar/camera_pose/Interpose/out_interpose_batch_300/pair_00064_1da888bdedfc,v1_A2B_p2_s2,3.925413247229737,1.6037342957286627,nan,nan,nan,nan
65,/home/caesar/camera_pose/Interpose/out_interpose_batch_300/pair_00065_a62f9a1c6362,v3_B2A_p2_s2,2.9459137565490425,2.583502338290807,nan,nan,nan,nan
66,/home/caesar/camera_pose/Interpose/out_interpose_batch_300/pair_00066_a726c1112ad0,v3_B2A_p2_s2,10.543271868741046,10.69896500305562,nan,nan,nan,nan
67,/home/caesar/camera_pose/Interpose/out_interpose_batch_300/pair_00067_b3bf9079b442,v1_A2B_p2_s2,9.529215122692786,7.440646349581272,nan,nan,nan,nan
68,/home/caesar/camera_pose/Interpose/out_interpose_batch_300/pair_00068_7da3db99059a,v3_B2A_p2_s2,9.095721587470333,2.926765007358269,nan,nan,nan,nan
69,/home/caesar/camera_pose/Interpose/out_interpose_batch_300/pair_00069_f477ffc4b398,v1_A2B_p2_s2,3.031410841599904,5.1269870046488695,nan,nan,nan,nan
70,/home/caesar/camera_pose/Interpose/out_interpose_batch_300/pair_00070_adb95f29c15b,v0_A2B_p1_s1,47.54618300388396,36.692820805450935,nan,nan,nan,nan
71,/home/caesar/camera_pose/Interpose/out_interpose_batch_300/pair_00071_ec1e44d4dc0f,v2_B2A_p1_s1,1.196496155558736,1.4780154564606036,nan,nan,nan,nan
72,/home/caesar/camera_pose/Interpose/out_interpose_batch_300/pair_00072_a62f9a1c6362,v1_A2B_p2_s2,1.6467053070730147,2.831407247840447,nan,nan,nan,nan
73,/home/caesar/camera_pose/Interpose/out_interpose_batch_300/pair_00073_ec305787b700,v0_A2B_p1_s1,0.7578888828807644,2.4061621496560273,nan,nan,nan,nan
74,/home/caesar/camera_pose/Interpose/out_interpose_batch_300/pair_00074_d3812aad5382,v3_B2A_p2_s2,112.72914275048481,74.46120514987462,nan,nan,nan,nan
75,/home/caesar/camera_pose/Interpose/out_interpose_batch_300/pair_00075_ed16328235c6,v1_A2B_p2_s2,6.2896766920191585,4.310158020902681,nan,nan,nan,nan
76,/home/caesar/camera_pose/Interpose/out_interpose_batch_300/pair_00076_d1b3a0b37acc,v1_A2B_p2_s2,1.1851471022313833,1.6934850491656894,nan,nan,nan,nan
77,/home/caesar/camera_pose/Interpose/out_interpose_batch_300/pair_00077_cbd44beb04f9,v1_A2B_p2_s2,0.4376378328023887,0.7923898577013531,nan,nan,nan,nan
78,/home/caesar/camera_pose/Interpose/out_interpose_batch_300/pair_00078_2f3e1c0f688c,v3_B2A_p2_s2,5.645300039239593,2.4074929238175677,nan,nan,nan,nan
79,/home/caesar/camera_pose/Interpose/out_interpose_batch_300/pair_00079_444da1b4a3f1,v2_B2A_p1_s1,6.848337354117865,45.41075933414998,nan,nan,nan,nan
80,/home/caesar/camera_pose/Interpose/out_interpose_batch_300/pair_00080_3b7529dcccf7,v2_B2A_p1_s1,0.29603979179924905,2.5088512385958706,nan,nan,nan,nan
81,/home/caesar/camera_pose/Interpose/out_interpose_batch_300/pair_00081_374ffd0c5ff8,v3_B2A_p2_s2,1.5267976813261084,4.595488877297911,nan,nan,nan,nan
82,/home/caesar/camera_pose/Interpose/out_interpose_batch_300/pair_00082_9641a1ed7963,v1_A2B_p2_s2,2.33702355655264,1.9442624620217188,nan,nan,nan,nan
83,/home/caesar/camera_pose/Interpose/out_interpose_batch_300/pair_00083_a62f9a1c6362,v1_A2B_p2_s2,2.406102359529276,0.2466946487734491,nan,nan,nan,nan
84,/home/caesar/camera_pose/Interpose/out_interpose_batch_300/pair_00084_07d9f9724ca8,v3_B2A_p2_s2,1.388915073955909,0.374052099219205,nan,nan,nan,nan
85,/home/caesar/camera_pose/Interpose/out_interpose_batch_300/pair_00085_8324b3ca2208,v2_B2A_p1_s1,6.748486112689816,4.946173723620323,nan,nan,nan,nan
86,/home/caesar/camera_pose/Interpose/out_interpose_batch_300/pair_00086_484c0aca40c1,v2_B2A_p1_s1,2.6355323905521697,1.4180661080789976,nan,nan,nan,nan
87,/home/caesar/camera_pose/Interpose/out_interpose_batch_300/pair_00087_ef59aac43713,v3_B2A_p2_s2,2.292447687782404,3.8103342128941775,nan,nan,nan,nan
88,/home/caesar/camera_pose/Interpose/out_interpose_batch_300/pair_00088_918c8dad730c,v0_A2B_p1_s1,83.9732361223473,83.71945791392375,nan,nan,nan,nan
89,/home/caesar/camera_pose/Interpose/out_interpose_batch_300/pair_00089_6d81c5ab0d48,v2_B2A_p1_s1,1.5488634391216947,0.3971117309252018,nan,nan,nan,nan
90,/home/caesar/camera_pose/Interpose/out_interpose_batch_300/pair_00090_2b65ba886efa,v3_B2A_p2_s2,90.87887274106195,135.6167856238142,nan,nan,nan,nan
91,/home/caesar/camera_pose/Interpose/out_interpose_batch_300/pair_00091_e8ce51b6abfe,v0_A2B_p1_s1,1.4962533755945115,0.8589685446722244,nan,nan,nan,nan
92,/home/caesar/camera_pose/Interpose/out_interpose_batch_300/pair_00092_ba55c875d20c,v0_A2B_p1_s1,9.462072576482532,5.05060001873551,nan,nan,nan,nan
93,/home/caesar/camera_pose/Interpose/out_interpose_batch_300/pair_00093_d9b637662374,v3_B2A_p2_s2,10.693048780515511,124.4942440121612,nan,nan,nan,nan
94,/home/caesar/camera_pose/Interpose/out_interpose_batch_300/pair_00094_a726c1112ad0,v0_A2B_p1_s1,4.341565182119925,2.2427794251479507,nan,nan,nan,nan
95,/home/caesar/camera_pose/Interpose/out_interpose_batch_300/pair_00095_ec1e44d4dc0f,v3_B2A_p2_s2,2.0630745007586193,3.085436096373611,nan,nan,nan,nan
96,/home/caesar/camera_pose/Interpose/out_interpose_batch_300/pair_00096_7a9f97660be8,v0_A2B_p1_s1,0.7286995913101321,0.22508470615836013,nan,nan,nan,nan
97,/home/caesar/camera_pose/Interpose/out_interpose_batch_300/pair_00097_adb95f29c15b,v1_A2B_p2_s2,7.2968319122302505,5.269177693994746,nan,nan,nan,nan
98,/home/caesar/camera_pose/Interpose/out_interpose_batch_300/pair_00098_389a460ca199,v1_A2B_p2_s2,1.2349951625340663,1.4962822185846614,nan,nan,nan,nan
99,/home/caesar/camera_pose/Interpose/out_interpose_batch_300/pair_00099_d9b637662374,v0_A2B_p1_s1,4.0200795224021935,3.344510000503257,nan,nan,nan,nan
100,/home/caesar/camera_pose/Interpose/out_interpose_batch_300/pair_00100_a726c1112ad0,v3_B2A_p2_s2,4.830752756966101,7.295816362080947,nan,nan,nan,nan
101,/home/caesar/camera_pose/Interpose/out_interpose_batch_300/pair_00101_fb3b73f1d3fe,v3_B2A_p2_s2,10.9483898263357,5.811875156634986,nan,nan,nan,nan
102,/home/caesar/camera_pose/Interpose/out_interpose_batch_300/pair_00102_54bf355ca7e0,v3_B2A_p2_s2,8.771797678697466,2.1985419837303515,nan,nan,nan,nan
103,/home/caesar/camera_pose/Interpose/out_interpose_batch_300/pair_00103_5a27c00f525f,v0_A2B_p1_s1,12.442633510022716,7.303824085075981,nan,nan,nan,nan
104,/home/caesar/camera_pose/Interpose/out_interpose_batch_300/pair_00104_ff592398657b,v3_B2A_p2_s2,3.7866898543398007,2.8283062340965692,nan,nan,nan,nan
105,/home/caesar/camera_pose/Interpose/out_interpose_batch_300/pair_00105_07d9f9724ca8,v2_B2A_p1_s1,1.2178771825004304,0.8473317902378371,nan,nan,nan,nan
106,/home/caesar/camera_pose/Interpose/out_interpose_batch_300/pair_00106_ded5e4b46aed,v1_A2B_p2_s2,1.4024412622265998,2.0062950702331457,nan,nan,nan,nan
107,/home/caesar/camera_pose/Interpose/out_interpose_batch_300/pair_00107_e9360e7a89be,v0_A2B_p1_s1,71.89057465764223,6.520612923184652,nan,nan,nan,nan
108,/home/caesar/camera_pose/Interpose/out_interpose_batch_300/pair_00108_d904ae2998f7,v0_A2B_p1_s1,2.937701294817212,0.8557317711693688,nan,nan,nan,nan
109,/home/caesar/camera_pose/Interpose/out_interpose_batch_300/pair_00109_6d81c5ab0d48,v2_B2A_p1_s1,4.064887530631978,7.743320731832245,nan,nan,nan,nan
110,/home/caesar/camera_pose/Interpose/out_interpose_batch_300/pair_00110_ddfdcfdf02d5,v0_A2B_p1_s1,13.925077116790957,5.489182947052107,nan,nan,nan,nan
111,/home/caesar/camera_pose/Interpose/out_interpose_batch_300/pair_00111_ceb252f5d441,v2_B2A_p1_s1,12.397448598060866,7.039743823440224,nan,nan,nan,nan
112,/home/caesar/camera_pose/Interpose/out_interpose_batch_300/pair_00112_286239bd0d44,v2_B2A_p1_s1,4.362373738330001,3.5161148682997827,nan,nan,nan,nan
113,/home/caesar/camera_pose/Interpose/out_interpose_batch_300/pair_00113_f477ffc4b398,v0_A2B_p1_s1,0.3391867454791174,0.19788744742949843,nan,nan,nan,nan
114,/home/caesar/camera_pose/Interpose/out_interpose_batch_300/pair_00114_66fd66cbed40,v2_B2A_p1_s1,0.5528803949379584,1.3890807602586974,nan,nan,nan,nan
115,/home/caesar/camera_pose/Interpose/out_interpose_batch_300/pair_00115_2cbfe28643b6,v3_B2A_p2_s2,1.099078769000159,1.0936036978686041,nan,nan,nan,nan
116,/home/caesar/camera_pose/Interpose/out_interpose_batch_300/pair_00116_b5faa2a8ce98,v1_A2B_p2_s2,1.602336621178025,2.7845408886030065,nan,nan,nan,nan
117,/home/caesar/camera_pose/Interpose/out_interpose_batch_300/pair_00117_389a460ca199,v2_B2A_p1_s1,3.7161500523922157,95.18469954593056,nan,nan,nan,nan
118,/home/caesar/camera_pose/Interpose/out_interpose_batch_300/pair_00118_444da1b4a3f1,v1_A2B_p2_s2,7.850713104280007,21.33994202674323,nan,nan,nan,nan
119,/home/caesar/camera_pose/Interpose/out_interpose_batch_300/pair_00119_5f0041e53d59,v1_A2B_p2_s2,1.217994305882704,0.528013047184944,nan,nan,nan,nan
120,/home/caesar/camera_pose/Interpose/out_interpose_batch_300/pair_00120_9e9a89ae6fed,v3_B2A_p2_s2,1.018133476997284,2.5173119985410612,nan,nan,nan,nan
121,/home/caesar/camera_pose/Interpose/out_interpose_batch_300/pair_00121_1ba74c22670a,v3_B2A_p2_s2,4.112141721554691,3.6926260723956883,nan,nan,nan,nan
122,/home/caesar/camera_pose/Interpose/out_interpose_batch_300/pair_00122_f004c810d94b,v1_A2B_p2_s2,0.3563167140985582,1.8663573702338947,nan,nan,nan,nan
123,/home/caesar/camera_pose/Interpose/out_interpose_batch_300/pair_00123_286239bd0d44,v2_B2A_p1_s1,6.297827942287192,4.2253137740387245,nan,nan,nan,nan
124,/home/caesar/camera_pose/Interpose/out_interpose_batch_300/pair_00124_b6d1134cb03c,v2_B2A_p1_s1,5.5394206358089155,8.381464305815898,nan,nan,nan,nan
125,/home/caesar/camera_pose/Interpose/out_interpose_batch_300/pair_00125_1264931635e1,v3_B2A_p2_s2,99.14120278657431,126.86428558166868,nan,nan,nan,nan
126,/home/caesar/camera_pose/Interpose/out_interpose_batch_300/pair_00126_85cd0e92110b,v2_B2A_p1_s1,1.7339540312073787,1.4344327873705385,nan,nan,nan,nan
127,/home/caesar/camera_pose/Interpose/out_interpose_batch_300/pair_00127_50c46cf8b8b2,v2_B2A_p1_s1,2.419943227028493,2.902051708551867,nan,nan,nan,nan
128,/home/caesar/camera_pose/Interpose/out_interpose_batch_300/pair_00128_032dee9fb0a8,v3_B2A_p2_s2,2.7869234302011865,5.977505901501467,nan,nan,nan,nan
129,/home/caesar/camera_pose/Interpose/out_interpose_batch_300/pair_00129_183dd248f6a8,v0_A2B_p1_s1,7.066991888121054,2.3258613699806108,nan,nan,nan,nan
130,/home/caesar/camera_pose/Interpose/out_interpose_batch_300/pair_00130_1de58be51569,v2_B2A_p1_s1,0.9903504981194116,0.8197612616484082,nan,nan,nan,nan
131,/home/caesar/camera_pose/Interpose/out_interpose_batch_300/pair_00131_374ffd0c5ff8,v3_B2A_p2_s2,2.409390218228012,0.7005142265384435,nan,nan,nan,nan
132,/home/caesar/camera_pose/Interpose/out_interpose_batch_300/pair_00132_286239bd0d44,v0_A2B_p1_s1,5.799113956524474,3.2515531440525636,nan,nan,nan,nan
133,/home/caesar/camera_pose/Interpose/out_interpose_batch_300/pair_00133_565553aa894b,v1_A2B_p2_s2,11.04828676793509,5.107227956683118,nan,nan,nan,nan
134,/home/caesar/camera_pose/Interpose/out_interpose_batch_300/pair_00134_75fbbe467353,v2_B2A_p1_s1,1.9895463440084737,0.31665242452000353,nan,nan,nan,nan
135,/home/caesar/camera_pose/Interpose/out_interpose_batch_300/pair_00135_341b4ff3dfd3,v3_B2A_p2_s2,7.320776498537146,1.9458337664974261,nan,nan,nan,nan
136,/home/caesar/camera_pose/Interpose/out_interpose_batch_300/pair_00136_32c2b92fac40,v3_B2A_p2_s2,0.9132773545412712,2.1912657216757987,nan,nan,nan,nan
137,/home/caesar/camera_pose/Interpose/out_interpose_batch_300/pair_00137_54bf355ca7e0,v3_B2A_p2_s2,4.438250806301261,9.236093132192225,nan,nan,nan,nan
138,/home/caesar/camera_pose/Interpose/out_interpose_batch_300/pair_00138_d904ae2998f7,v1_A2B_p2_s2,6.16337932629778,7.230702986561271,nan,nan,nan,nan
139,/home/caesar/camera_pose/Interpose/out_interpose_batch_300/pair_00139_14eb48a50e37,v2_B2A_p1_s1,98.2132819638765,74.12032467272833,nan,nan,nan,nan
140,/home/caesar/camera_pose/Interpose/out_interpose_batch_300/pair_00140_ceb252f5d441,v3_B2A_p2_s2,1.0650506405669193,2.6067056110265048,nan,nan,nan,nan
141,/home/caesar/camera_pose/Interpose/out_interpose_batch_300/pair_00141_4ff8650b5c11,v0_A2B_p1_s1,7.467431763468937,2.700672984188801,nan,nan,nan,nan
142,/home/caesar/camera_pose/Interpose/out_interpose_batch_300/pair_00142_adf35184a12d,v2_B2A_p1_s1,2.7657919796329833,1.9593788000079784,nan,nan,nan,nan
143,/home/caesar/camera_pose/Interpose/out_interpose_batch_300/pair_00143_91afb9910b04,v1_A2B_p2_s2,1.7907814143561462,2.0241260870202504,nan,nan,nan,nan
144,/home/caesar/camera_pose/Interpose/out_interpose_batch_300/pair_00144_eb4cf52988f8,v0_A2B_p1_s1,2.810227289106307,2.602768563472552,nan,nan,nan,nan
145,/home/caesar/camera_pose/Interpose/out_interpose_batch_300/pair_00145_35872363e17a,v3_B2A_p2_s2,18.115548251197726,6.197906831685707,nan,nan,nan,nan
146,/home/caesar/camera_pose/Interpose/out_interpose_batch_300/pair_00146_1ba74c22670a,v1_A2B_p2_s2,3.695911795578571,5.364589242184734,nan,nan,nan,nan
147,/home/caesar/camera_pose/Interpose/out_interpose_batch_300/pair_00147_d9b637662374,v1_A2B_p2_s2,5.076886625325244,4.3500913558573275,nan,nan,nan,nan
148,/home/caesar/camera_pose/Interpose/out_interpose_batch_300/pair_00148_1da888bdedfc,v2_B2A_p1_s1,4.055006566594056,6.206598843324363,nan,nan,nan,nan
149,/home/caesar/camera_pose/Interpose/out_interpose_batch_300/pair_00149_3bb3bb4d3e87,v3_B2A_p2_s2,3.6877110701506335,1.9014790546108113,nan,nan,nan,nan
150,/home/caesar/camera_pose/Interpose/out_interpose_batch_300/pair_00150_d904ae2998f7,v3_B2A_p2_s2,8.174700201398602,13.131868677729079,nan,nan,nan,nan
151,/home/caesar/camera_pose/Interpose/out_interpose_batch_300/pair_00151_6d221625614d,v3_B2A_p2_s2,5.359902067678886,2.892665993786463,nan,nan,nan,nan
152,/home/caesar/camera_pose/Interpose/out_interpose_batch_300/pair_00152_63798f5c6fbf,v0_A2B_p1_s1,1.164352342449838,0.45175851219468943,nan,nan,nan,nan
153,/home/caesar/camera_pose/Interpose/out_interpose_batch_300/pair_00153_484c0aca40c1,v2_B2A_p1_s1,1.169310318839213,0.10049814487710174,nan,nan,nan,nan
154,/home/caesar/camera_pose/Interpose/out_interpose_batch_300/pair_00154_032dee9fb0a8,v0_A2B_p1_s1,4.59041416129573,6.63241898861622,nan,nan,nan,nan
155,/home/caesar/camera_pose/Interpose/out_interpose_batch_300/pair_00155_d9b637662374,v0_A2B_p1_s1,3.2177757954562147,7.731524165510102,nan,nan,nan,nan
156,/home/caesar/camera_pose/Interpose/out_interpose_batch_300/pair_00156_eb4cf52988f8,v1_A2B_p2_s2,1.7006963126672685,5.158865166033743,nan,nan,nan,nan
157,/home/caesar/camera_pose/Interpose/out_interpose_batch_300/pair_00157_d1b3a0b37acc,v2_B2A_p1_s1,1.8504918990389112,0.5514946279887007,nan,nan,nan,nan
158,/home/caesar/camera_pose/Interpose/out_interpose_batch_300/pair_00158_5f0041e53d59,v2_B2A_p1_s1,3.273230563254684,2.4794085156765595,nan,nan,nan,nan
159,/home/caesar/camera_pose/Interpose/out_interpose_batch_300/pair_00159_9641a1ed7963,v2_B2A_p1_s1,3.868732392522008,2.689553044394656,nan,nan,nan,nan
160,/home/caesar/camera_pose/Interpose/out_interpose_batch_300/pair_00160_4ae797d07b6d,v2_B2A_p1_s1,3.62825552047694,3.1988671432149824,nan,nan,nan,nan
161,/home/caesar/camera_pose/Interpose/out_interpose_batch_300/pair_00161_7da3db99059a,v1_A2B_p2_s2,6.752328301498158,3.405953690293765,nan,nan,nan,nan
162,/home/caesar/camera_pose/Interpose/out_interpose_batch_300/pair_00162_565553aa894b,v0_A2B_p1_s1,10.115377927777448,4.941211617324221,nan,nan,nan,nan
163,/home/caesar/camera_pose/Interpose/out_interpose_batch_300/pair_00163_5f0041e53d59,v3_B2A_p2_s2,1.4407253153199904,1.0677470821707715,nan,nan,nan,nan
164,/home/caesar/camera_pose/Interpose/out_interpose_batch_300/pair_00164_9fb0588ff045,v0_A2B_p1_s1,2.6132912730857476,4.301065950778145,nan,nan,nan,nan
165,/home/caesar/camera_pose/Interpose/out_interpose_batch_300/pair_00165_0a485338bbda,v3_B2A_p2_s2,6.21920929955984,4.867255459355522,nan,nan,nan,nan
166,/home/caesar/camera_pose/Interpose/out_interpose_batch_300/pair_00166_7705a2edd022,v2_B2A_p1_s1,1.5924944764155649,0.5607367619111152,nan,nan,nan,nan
167,/home/caesar/camera_pose/Interpose/out_interpose_batch_300/pair_00167_d4fbeba0168a,v1_A2B_p2_s2,10.544335205850146,7.336923978924183,nan,nan,nan,nan
168,/home/caesar/camera_pose/Interpose/out_interpose_batch_300/pair_00168_85cd0e92110b,v0_A2B_p1_s1,4.926103115053099,2.4085820880160402,nan,nan,nan,nan
169,/home/caesar/camera_pose/Interpose/out_interpose_batch_300/pair_00169_9cbc5548643c,v3_B2A_p2_s2,6.34962449916357,2.584758927611167,nan,nan,nan,nan
170,/home/caesar/camera_pose/Interpose/out_interpose_batch_300/pair_00170_35872363e17a,v2_B2A_p1_s1,20.324975924330893,12.238813686742647,nan,nan,nan,nan
171,/home/caesar/camera_pose/Interpose/out_interpose_batch_300/pair_00171_d3812aad5382,v2_B2A_p1_s1,3.6603495200042393,172.49850039821132,nan,nan,nan,nan
172,/home/caesar/camera_pose/Interpose/out_interpose_batch_300/pair_00172_dac9796dd69e,v3_B2A_p2_s2,0.716273942337182,1.8819979652133356,nan,nan,nan,nan
173,/home/caesar/camera_pose/Interpose/out_interpose_batch_300/pair_00173_b3bf9079b442,v0_A2B_p1_s1,10.16400911567097,0.8811643979465772,nan,nan,nan,nan
174,/home/caesar/camera_pose/Interpose/out_interpose_batch_300/pair_00174_9cbc5548643c,v3_B2A_p2_s2,1.959824750559284,0.6785683647768144,nan,nan,nan,nan
175,/home/caesar/camera_pose/Interpose/out_interpose_batch_300/pair_00175_2b65ba886efa,v2_B2A_p1_s1,4.065892278854234,4.228265716614266,nan,nan,nan,nan
176,/home/caesar/camera_pose/Interpose/out_interpose_batch_300/pair_00176_f004c810d94b,v3_B2A_p2_s2,1.2507312625534668,0.8945878720182496,nan,nan,nan,nan
177,/home/caesar/camera_pose/Interpose/out_interpose_batch_300/pair_00177_3b16a10ec9b4,v1_A2B_p2_s2,65.4295620396533,115.40692899002173,nan,nan,nan,nan
178,/home/caesar/camera_pose/Interpose/out_interpose_batch_300/pair_00178_183dd248f6a8,v3_B2A_p2_s2,4.649957763840815,9.352300579650771,nan,nan,nan,nan
179,/home/caesar/camera_pose/Interpose/out_interpose_batch_300/pair_00179_800cf88687a7,v2_B2A_p1_s1,1.8438527099589432,4.067128227659346,nan,nan,nan,nan
180,/home/caesar/camera_pose/Interpose/out_interpose_batch_300/pair_00180_165f5af8bfe3,v0_A2B_p1_s1,4.104619527330925,0.8847281311185488,nan,nan,nan,nan
181,/home/caesar/camera_pose/Interpose/out_interpose_batch_300/pair_00181_1ba74c22670a,v3_B2A_p2_s2,2.4349502087119146,1.8830225817903332,nan,nan,nan,nan
182,/home/caesar/camera_pose/Interpose/out_interpose_batch_300/pair_00182_389a460ca199,v0_A2B_p1_s1,2.3024461149209725,4.339430314182381,nan,nan,nan,nan
183,/home/caesar/camera_pose/Interpose/out_interpose_batch_300/pair_00183_f7aaea9ac683,v3_B2A_p2_s2,8.551982532153488,4.997549963058918,nan,nan,nan,nan
184,/home/caesar/camera_pose/Interpose/out_interpose_batch_300/pair_00184_0569e83fdc24,v2_B2A_p1_s1,16.15012761517835,7.560143120119636,nan,nan,nan,nan
185,/home/caesar/camera_pose/Interpose/out_interpose_batch_300/pair_00185_073f5a9b983c,v0_A2B_p1_s1,70.56554382553712,19.489064731150588,nan,nan,nan,nan
186,/home/caesar/camera_pose/Interpose/out_interpose_batch_300/pair_00186_ef59aac43713,v0_A2B_p1_s1,2.904592959587245,2.8344942622773095,nan,nan,nan,nan
187,/home/caesar/camera_pose/Interpose/out_interpose_batch_300/pair_00187_d4fbeba0168a,v1_A2B_p2_s2,11.40787879869107,4.046827296741641,nan,nan,nan,nan
188,/home/caesar/camera_pose/Interpose/out_interpose_batch_300/pair_00188_073f5a9b983c,v1_A2B_p2_s2,7.581102517392709,2.1832350020689373,nan,nan,nan,nan
189,/home/caesar/camera_pose/Interpose/out_interpose_batch_300/pair_00189_ddfdcfdf02d5,v1_A2B_p2_s2,8.382521794797137,6.199714482495183,nan,nan,nan,nan
190,/home/caesar/camera_pose/Interpose/out_interpose_batch_300/pair_00190_2beaca318994,v0_A2B_p1_s1,10.0242853500401,3.257865276876938,nan,nan,nan,nan
191,/home/caesar/camera_pose/Interpose/out_interpose_batch_300/pair_00191_032dee9fb0a8,v0_A2B_p1_s1,4.3004375853307195,6.462944098036039,nan,nan,nan,nan
192,/home/caesar/camera_pose/Interpose/out_interpose_batch_300/pair_00192_c455899acfc8,v2_B2A_p1_s1,5.588657930297204,7.0195129861904215,nan,nan,nan,nan
193,/home/caesar/camera_pose/Interpose/out_interpose_batch_300/pair_00193_2beaca318994,v1_A2B_p2_s2,2.8405047331500284,3.268602898285695,nan,nan,nan,nan
194,/home/caesar/camera_pose/Interpose/out_interpose_batch_300/pair_00194_32c2b92fac40,v2_B2A_p1_s1,2.0770350125880617,1.0031172189692648,nan,nan,nan,nan
195,/home/caesar/camera_pose/Interpose/out_interpose_batch_300/pair_00195_286239bd0d44,v1_A2B_p2_s2,5.358044388004709,4.430223380718252,nan,nan,nan,nan
196,/home/caesar/camera_pose/Interpose/out_interpose_batch_300/pair_00196_3b16a10ec9b4,v0_A2B_p1_s1,2.342840223288397,2.158356134223767,nan,nan,nan,nan
197,/home/caesar/camera_pose/Interpose/out_interpose_batch_300/pair_00197_ddfdcfdf02d5,v0_A2B_p1_s1,4.444260961655586,4.535971575728544,nan,nan,nan,nan
198,/home/caesar/camera_pose/Interpose/out_interpose_batch_300/pair_00198_e78f8cebd2bd,v2_B2A_p1_s1,14.501752534811057,7.692292285766305,nan,nan,nan,nan
199,/home/caesar/camera_pose/Interpose/out_interpose_batch_300/pair_00199_f71ac346cd0f,v3_B2A_p2_s2,16.07442103587779,12.395665416865295,nan,nan,nan,nan
200,/home/caesar/camera_pose/Interpose/out_interpose_batch_300/pair_00200_f71ac346cd0f,v2_B2A_p1_s1,15.774036178457616,7.513216074899822,nan,nan,nan,nan
201,/home/caesar/camera_pose/Interpose/out_interpose_batch_300/pair_00201_2991a75d1f0f,v2_B2A_p1_s1,2.5039927354798213,3.4643584216334427,nan,nan,nan,nan
202,/home/caesar/camera_pose/Interpose/out_interpose_batch_300/pair_00202_07d9f9724ca8,v3_B2A_p2_s2,2.1838188257802456,2.3271674804904126,nan,nan,nan,nan
203,/home/caesar/camera_pose/Interpose/out_interpose_batch_300/pair_00203_70eac6ff18a1,v1_A2B_p2_s2,11.737848819184064,9.509900064297645,nan,nan,nan,nan
204,/home/caesar/camera_pose/Interpose/out_interpose_batch_300/pair_00204_f004c810d94b,v3_B2A_p2_s2,0.38659066608371184,0.6281231833956686,nan,nan,nan,nan
205,/home/caesar/camera_pose/Interpose/out_interpose_batch_300/pair_00205_07d9f9724ca8,v3_B2A_p2_s2,1.3453304020224153,0.9302545330212498,nan,nan,nan,nan
206,/home/caesar/camera_pose/Interpose/out_interpose_batch_300/pair_00206_093ef327b4e4,v2_B2A_p1_s1,0.47094120888114627,2.1522917084818274,nan,nan,nan,nan
207,/home/caesar/camera_pose/Interpose/out_interpose_batch_300/pair_00207_b2076bc7231b,v2_B2A_p1_s1,6.1775740430214645,3.7686657432442785,nan,nan,nan,nan
208,/home/caesar/camera_pose/Interpose/out_interpose_batch_300/pair_00208_af0d7039e64a,v3_B2A_p2_s2,82.34341632411947,102.79669716125098,nan,nan,nan,nan
209,/home/caesar/camera_pose/Interpose/out_interpose_batch_300/pair_00209_06da79666629,v2_B2A_p1_s1,8.662801120931482,51.41966099772226,nan,nan,nan,nan
210,/home/caesar/camera_pose/Interpose/out_interpose_batch_300/pair_00210_8cb2e97d26a6,v3_B2A_p2_s2,2.9448412688422883,5.815851773769128,nan,nan,nan,nan
211,/home/caesar/camera_pose/Interpose/out_interpose_batch_300/pair_00211_e78f8cebd2bd,v0_A2B_p1_s1,16.659950673986078,7.033072717047257,nan,nan,nan,nan
212,/home/caesar/camera_pose/Interpose/out_interpose_batch_300/pair_00212_ec305787b700,v3_B2A_p2_s2,1.801139102316864,0.9572198828894272,nan,nan,nan,nan
213,/home/caesar/camera_pose/Interpose/out_interpose_batch_300/pair_00213_fb3b73f1d3fe,v0_A2B_p1_s1,9.907204889900559,9.28401383158326,nan,nan,nan,nan
214,/home/caesar/camera_pose/Interpose/out_interpose_batch_300/pair_00214_15ff83e25316,v0_A2B_p1_s1,1.7733508183712663,2.6425512749335027,nan,nan,nan,nan
215,/home/caesar/camera_pose/Interpose/out_interpose_batch_300/pair_00215_7a9f97660be8,v3_B2A_p2_s2,0.3722538122255912,0.3768863697934538,nan,nan,nan,nan
216,/home/caesar/camera_pose/Interpose/out_interpose_batch_300/pair_00216_a401469cb0fa,v3_B2A_p2_s2,3.747398646804211,3.9373387474104593,nan,nan,nan,nan
217,/home/caesar/camera_pose/Interpose/out_interpose_batch_300/pair_00217_387eeb925ba4,v3_B2A_p2_s2,2.6662147027921757,0.7024291301700866,nan,nan,nan,nan
218,/home/caesar/camera_pose/Interpose/out_interpose_batch_300/pair_00218_946f49be7392,v1_A2B_p2_s2,9.873243331759436,5.396108695351155,nan,nan,nan,nan
219,/home/caesar/camera_pose/Interpose/out_interpose_batch_300/pair_00219_0a1b7c20a92c,v0_A2B_p1_s1,0.7624903106013581,1.5080133728458565,nan,nan,nan,nan
220,/home/caesar/camera_pose/Interpose/out_interpose_batch_300/pair_00220_fb2c0499c225,v1_A2B_p2_s2,8.784172340050189,4.157775458836937,nan,nan,nan,nan
221,/home/caesar/camera_pose/Interpose/out_interpose_batch_300/pair_00221_374ffd0c5ff8,v0_A2B_p1_s1,1.3121015774543787,5.754638442794166,nan,nan,nan,nan
222,/home/caesar/camera_pose/Interpose/out_interpose_batch_300/pair_00222_4ae797d07b6d,v3_B2A_p2_s2,1.753218618894338,2.3367088188822756,nan,nan,nan,nan
223,/home/caesar/camera_pose/Interpose/out_interpose_batch_300/pair_00223_e9360e7a89be,v2_B2A_p1_s1,2.353222878857531,2.48178313128276,nan,nan,nan,nan
224,/home/caesar/camera_pose/Interpose/out_interpose_batch_300/pair_00224_ddfdcfdf02d5,v3_B2A_p2_s2,7.138445295592749,5.285063480927547,nan,nan,nan,nan
225,/home/caesar/camera_pose/Interpose/out_interpose_batch_300/pair_00225_7705a2edd022,v2_B2A_p1_s1,1.4503897713861358,1.0567437208119217,nan,nan,nan,nan
226,/home/caesar/camera_pose/Interpose/out_interpose_batch_300/pair_00226_2f3e1c0f688c,v3_B2A_p2_s2,5.558159233599504,2.2800034543263177,nan,nan,nan,nan
227,/home/caesar/camera_pose/Interpose/out_interpose_batch_300/pair_00227_b5faa2a8ce98,v3_B2A_p2_s2,4.7464610072052,6.808504926689223,nan,nan,nan,nan
228,/home/caesar/camera_pose/Interpose/out_interpose_batch_300/pair_00228_5c8dafad7d78,v0_A2B_p1_s1,0.4060649718943556,1.1188018248059655,nan,nan,nan,nan
229,/home/caesar/camera_pose/Interpose/out_interpose_batch_300/pair_00229_8324b3ca2208,v2_B2A_p1_s1,83.22075308674395,123.06457394964376,nan,nan,nan,nan
230,/home/caesar/camera_pose/Interpose/out_interpose_batch_300/pair_00230_af0d7039e64a,v2_B2A_p1_s1,4.502417718918924,3.2117899586556606,nan,nan,nan,nan
231,/home/caesar/camera_pose/Interpose/out_interpose_batch_300/pair_00231_41036716da7e,v2_B2A_p1_s1,3.0853496623889067,2.249786238334506,nan,nan,nan,nan
232,/home/caesar/camera_pose/Interpose/out_interpose_batch_300/pair_00232_0bfdd020cf47,v1_A2B_p2_s2,5.631448712325483,3.8099734441850566,nan,nan,nan,nan
233,/home/caesar/camera_pose/Interpose/out_interpose_batch_300/pair_00233_d9b637662374,v3_B2A_p2_s2,73.48535249294721,180.0,nan,nan,nan,nan
234,/home/caesar/camera_pose/Interpose/out_interpose_batch_300/pair_00234_15ff83e25316,v3_B2A_p2_s2,2.2320747501467775,4.430248312794224,nan,nan,nan,nan
235,/home/caesar/camera_pose/Interpose/out_interpose_batch_300/pair_00235_946f49be7392,v2_B2A_p1_s1,6.546057511358558,41.90478138574269,nan,nan,nan,nan
236,/home/caesar/camera_pose/Interpose/out_interpose_batch_300/pair_00236_ddfdcfdf02d5,v0_A2B_p1_s1,9.072247770271764,2.9905366396446746,nan,nan,nan,nan
237,/home/caesar/camera_pose/Interpose/out_interpose_batch_300/pair_00237_119fd56d3797,v1_A2B_p2_s2,1.358390103989504,1.8862768720699443,nan,nan,nan,nan
238,/home/caesar/camera_pose/Interpose/out_interpose_batch_300/pair_00238_63798f5c6fbf,v1_A2B_p2_s2,25.11898451701527,3.356826378433241,nan,nan,nan,nan
239,/home/caesar/camera_pose/Interpose/out_interpose_batch_300/pair_00239_8324b3ca2208,v0_A2B_p1_s1,6.699561220477422,1.8032364975087307,nan,nan,nan,nan
240,/home/caesar/camera_pose/Interpose/out_interpose_batch_300/pair_00240_8324b3ca2208,v0_A2B_p1_s1,8.010552833540054,5.973635211202613,nan,nan,nan,nan
241,/home/caesar/camera_pose/Interpose/out_interpose_batch_300/pair_00241_9641a1ed7963,v2_B2A_p1_s1,2.1419258169878783,0.5466948246104579,nan,nan,nan,nan
242,/home/caesar/camera_pose/Interpose/out_interpose_batch_300/pair_00242_093ef327b4e4,v2_B2A_p1_s1,0.7123301598702945,1.4606566145659488,nan,nan,nan,nan
243,/home/caesar/camera_pose/Interpose/out_interpose_batch_300/pair_00243_8324b3ca2208,v2_B2A_p1_s1,2.1497729821864144,2.3383817257676403,nan,nan,nan,nan
244,/home/caesar/camera_pose/Interpose/out_interpose_batch_300/pair_00244_e9360e7a89be,v3_B2A_p2_s2,1.609439356473424,8.52255121627878,nan,nan,nan,nan
245,/home/caesar/camera_pose/Interpose/out_interpose_batch_300/pair_00245_5c8dafad7d78,v1_A2B_p2_s2,0.49301328960767343,0.19578046275814195,nan,nan,nan,nan
246,/home/caesar/camera_pose/Interpose/out_interpose_batch_300/pair_00246_286239bd0d44,v3_B2A_p2_s2,63.56676019128445,53.23461473776168,nan,nan,nan,nan
247,/home/caesar/camera_pose/Interpose/out_interpose_batch_300/pair_00247_d1b3a0b37acc,v3_B2A_p2_s2,6.8605473662146625,10.053059897977342,nan,nan,nan,nan
248,/home/caesar/camera_pose/Interpose/out_interpose_batch_300/pair_00248_0569e83fdc24,v0_A2B_p1_s1,14.5456425781397,8.994799563326087,nan,nan,nan,nan
249,/home/caesar/camera_pose/Interpose/out_interpose_batch_300/pair_00249_918c8dad730c,v3_B2A_p2_s2,2.922593277643753,3.6074359576401687,nan,nan,nan,nan
250,/home/caesar/camera_pose/Interpose/out_interpose_batch_300/pair_00250_90cb7ef95384,v3_B2A_p2_s2,4.0418443093234675,1.7200855880327504,nan,nan,nan,nan
251,/home/caesar/camera_pose/Interpose/out_interpose_batch_300/pair_00251_0569e83fdc24,v3_B2A_p2_s2,9.475746213393789,4.6385643882743395,nan,nan,nan,nan
252,/home/caesar/camera_pose/Interpose/out_interpose_batch_300/pair_00252_e5684b3292bf,v0_A2B_p1_s1,0.7362089986351255,2.9209319131635905,nan,nan,nan,nan
253,/home/caesar/camera_pose/Interpose/out_interpose_batch_300/pair_00253_d8de66037bd0,v0_A2B_p1_s1,13.412954079275284,14.439320169748765,nan,nan,nan,nan
254,/home/caesar/camera_pose/Interpose/out_interpose_batch_300/pair_00254_df04f5806468,v0_A2B_p1_s1,9.778210878295301,13.536061855917842,nan,nan,nan,nan
255,/home/caesar/camera_pose/Interpose/out_interpose_batch_300/pair_00255_444da1b4a3f1,v2_B2A_p1_s1,2.38084800812069,0.9320251811339647,nan,nan,nan,nan
256,/home/caesar/camera_pose/Interpose/out_interpose_batch_300/pair_00256_50c46cf8b8b2,v3_B2A_p2_s2,11.137315693728546,2.681333969225466,nan,nan,nan,nan
257,/home/caesar/camera_pose/Interpose/out_interpose_batch_300/pair_00257_d8de66037bd0,v0_A2B_p1_s1,6.171278221816022,4.689871097367235,nan,nan,nan,nan
258,/home/caesar/camera_pose/Interpose/out_interpose_batch_300/pair_00258_1ba74c22670a,v0_A2B_p1_s1,6.006994833689424,10.703766255292692,nan,nan,nan,nan
259,/home/caesar/camera_pose/Interpose/out_interpose_batch_300/pair_00259_90cb7ef95384,v0_A2B_p1_s1,2.860619705539352,3.040868959453786,nan,nan,nan,nan
260,/home/caesar/camera_pose/Interpose/out_interpose_batch_300/pair_00260_d4fbeba0168a,v3_B2A_p2_s2,35.61960888392335,5.684878618411617,nan,nan,nan,nan
261,/home/caesar/camera_pose/Interpose/out_interpose_batch_300/pair_00261_387eeb925ba4,v0_A2B_p1_s1,1.794751013819939,1.1095704518479628,nan,nan,nan,nan
262,/home/caesar/camera_pose/Interpose/out_interpose_batch_300/pair_00262_b92b499c9bf9,v1_A2B_p2_s2,3.2768294318239373,8.253779934821743,nan,nan,nan,nan
263,/home/caesar/camera_pose/Interpose/out_interpose_batch_300/pair_00263_90cb7ef95384,v2_B2A_p1_s1,3.1511870847222423,2.8359281223793835,nan,nan,nan,nan
264,/home/caesar/camera_pose/Interpose/out_interpose_batch_300/pair_00264_9c8c0e0fadd9,v0_A2B_p1_s1,3.9825153637475457,2.531529376458543,nan,nan,nan,nan
265,/home/caesar/camera_pose/Interpose/out_interpose_batch_300/pair_00265_eb4cf52988f8,v2_B2A_p1_s1,1.98457902614863,4.038835575315012,nan,nan,nan,nan
266,/home/caesar/camera_pose/Interpose/out_interpose_batch_300/pair_00266_85cd0e92110b,v1_A2B_p2_s2,5.714477735757346,2.6622872444422674,nan,nan,nan,nan
267,/home/caesar/camera_pose/Interpose/out_interpose_batch_300/pair_00267_07d9f9724ca8,v1_A2B_p2_s2,1.7134057930723123,1.6334532489950708,nan,nan,nan,nan
268,/home/caesar/camera_pose/Interpose/out_interpose_batch_300/pair_00268_2991a75d1f0f,v3_B2A_p2_s2,1.7305586861346487,1.5884196771995385,nan,nan,nan,nan
269,/home/caesar/camera_pose/Interpose/out_interpose_batch_300/pair_00269_6d81c5ab0d48,v0_A2B_p1_s1,3.0037418553321924,33.68571973448275,nan,nan,nan,nan
270,/home/caesar/camera_pose/Interpose/out_interpose_batch_300/pair_00270_918c8dad730c,v1_A2B_p2_s2,2.0279423275604795,1.0546694241868642,nan,nan,nan,nan
271,/home/caesar/camera_pose/Interpose/out_interpose_batch_300/pair_00271_e78f8cebd2bd,v1_A2B_p2_s2,16.34873451747008,8.402763575669686,nan,nan,nan,nan
272,/home/caesar/camera_pose/Interpose/out_interpose_batch_300/pair_00272_c455899acfc8,v3_B2A_p2_s2,3.8543152447541558,2.5530527576423196,nan,nan,nan,nan
273,/home/caesar/camera_pose/Interpose/out_interpose_batch_300/pair_00273_4ae797d07b6d,v0_A2B_p1_s1,1.0858951707960813,2.485781438570842,nan,nan,nan,nan
274,/home/caesar/camera_pose/Interpose/out_interpose_batch_300/pair_00274_918c8dad730c,v1_A2B_p2_s2,6.671587695653965,5.440691714812063,nan,nan,nan,nan
275,/home/caesar/camera_pose/Interpose/out_interpose_batch_300/pair_00275_b3bf9079b442,v1_A2B_p2_s2,9.431605999987418,7.828167670190311,nan,nan,nan,nan
276,/home/caesar/camera_pose/Interpose/out_interpose_batch_300/pair_00276_1264931635e1,v0_A2B_p1_s1,5.009617435177221,1.9035973861717908,nan,nan,nan,nan
277,/home/caesar/camera_pose/Interpose/out_interpose_batch_300/pair_00277_ff592398657b,v0_A2B_p1_s1,3.0831509725318553,2.4792628750904213,nan,nan,nan,nan
278,/home/caesar/camera_pose/Interpose/out_interpose_batch_300/pair_00278_75fbbe467353,v3_B2A_p2_s2,1.4955285448895064,0.6447425771570021,nan,nan,nan,nan
279,/home/caesar/camera_pose/Interpose/out_interpose_batch_300/pair_00279_b92b499c9bf9,v1_A2B_p2_s2,4.025479394693242,5.242232495096074,nan,nan,nan,nan
280,/home/caesar/camera_pose/Interpose/out_interpose_batch_300/pair_00280_ed16328235c6,v0_A2B_p1_s1,4.055236042035186,1.0324246037304483,nan,nan,nan,nan
281,/home/caesar/camera_pose/Interpose/out_interpose_batch_300/pair_00281_3bb894d1933f,v1_A2B_p2_s2,12.008998372183544,6.021470691395478,nan,nan,nan,nan
282,/home/caesar/camera_pose/Interpose/out_interpose_batch_300/pair_00282_a401469cb0fa,v2_B2A_p1_s1,2.1437218267373495,2.903638308274588,nan,nan,nan,nan
283,/home/caesar/camera_pose/Interpose/out_interpose_batch_300/pair_00283_565553aa894b,v1_A2B_p2_s2,10.384569076962896,7.062266113080693,nan,nan,nan,nan
284,/home/caesar/camera_pose/Interpose/out_interpose_batch_300/pair_00284_c455899acfc8,v2_B2A_p1_s1,11.664681841613863,14.056504514264528,nan,nan,nan,nan
285,/home/caesar/camera_pose/Interpose/out_interpose_batch_300/pair_00285_ddfdcfdf02d5,v2_B2A_p1_s1,1.618406957275295,1.7075560869068724,nan,nan,nan,nan
286,/home/caesar/camera_pose/Interpose/out_interpose_batch_300/pair_00286_85cd0e92110b,v0_A2B_p1_s1,4.657245619656473,1.0262365264832893,nan,nan,nan,nan
287,/home/caesar/camera_pose/Interpose/out_interpose_batch_300/pair_00287_b6d1134cb03c,v2_B2A_p1_s1,8.379958579874453,4.204444998435455,nan,nan,nan,nan
288,/home/caesar/camera_pose/Interpose/out_interpose_batch_300/pair_00288_ec305787b700,v1_A2B_p2_s2,1.6573027196183272,6.079357594721671,nan,nan,nan,nan
289,/home/caesar/camera_pose/Interpose/out_interpose_batch_300/pair_00289_b6d1134cb03c,v0_A2B_p1_s1,10.025801256731782,11.699397089657682,nan,nan,nan,nan
290,/home/caesar/camera_pose/Interpose/out_interpose_batch_300/pair_00290_183dd248f6a8,v2_B2A_p1_s1,6.326242586920636,8.248455823629216,nan,nan,nan,nan
291,/home/caesar/camera_pose/Interpose/out_interpose_batch_300/pair_00291_165f5af8bfe3,v3_B2A_p2_s2,11.464894978267148,3.8700674744869215,nan,nan,nan,nan
292,/home/caesar/camera_pose/Interpose/out_interpose_batch_300/pair_00292_ff592398657b,v1_A2B_p2_s2,4.0316776198963415,1.8040070682570495,nan,nan,nan,nan
293,/home/caesar/camera_pose/Interpose/out_interpose_batch_300/pair_00293_457e9a1ae777,v2_B2A_p1_s1,0.7944144563682787,1.2805048753969204,nan,nan,nan,nan
294,/home/caesar/camera_pose/Interpose/out_interpose_batch_300/pair_00294_7705a2edd022,v3_B2A_p2_s2,0.7292008798459543,0.5423786194597449,nan,nan,nan,nan
295,/home/caesar/camera_pose/Interpose/out_interpose_batch_300/pair_00295_91afb9910b04,v2_B2A_p1_s1,1.9437397949078097,1.4784430328779032,nan,nan,nan,nan
296,/home/caesar/camera_pose/Interpose/out_interpose_batch_300/pair_00296_5f0041e53d59,v3_B2A_p2_s2,0.7428577520918868,0.6225776706063572,nan,nan,nan,nan
297,/home/caesar/camera_pose/Interpose/out_interpose_batch_300/pair_00297_dac9796dd69e,v0_A2B_p1_s1,2.8776388448280015,4.097594957752252,nan,nan,nan,nan
298,/home/caesar/camera_pose/Interpose/out_interpose_batch_300/pair_00298_56452d9cd9e2,v2_B2A_p1_s1,2.3419140601597457,2.821973117674696,nan,nan,nan,nan
299,/home/caesar/camera_pose/Interpose/out_interpose_batch_300/pair_00299_918c8dad730c,v1_A2B_p2_s2,4.866060892798729,2.4941204648984887,nan,nan,nan,nan
